amfi_code,var_95,cvar_95,var_99,cvar_99,n_obs,scheme_name,category
100016,-1.436363998811114,-1.806020763217176,-2.039221768193603,-2.213815303578442,1149,HDFC Top 100 Fund - Regular Plan - Growth,Large Cap
100025,-0.3793246199522681,-0.4993763020560281,-0.5831514614669546,-0.6963380396382733,1149,HDFC Short Term Debt Fund - Regular - Growth,Short Duration
100033,-1.9033535861558821,-2.3455762770703794,-2.544279361739774,-3.0325604878615198,1149,HDFC Mid-Cap Opportunities Fund - Regular - Growth,Mid Cap
101206,-1.3281661986281488,-1.7439425687129195,-1.9648338342839133,-2.4748229024390445,1149,ABSL Frontline Equity Fund - Regular - Growth,Large Cap
101207,-2.6021248221061066,-3.245905898704435,-3.707050070499352,-4.2086173079648335,1149,ABSL Small Cap Fund - Regular - Growth,Small Cap
101208,-0.026865751304001553,-0.04220820655857681,-0.05270906602120147,-0.061973623281757984,1149,ABSL Liquid Fund - Regular - Growth,Liquid
102885,-1.2612628820693559,-1.549040525311211,-1.773211833824536,-1.9204582479229801,1149,UTI Nifty 50 Index Fund - Regular - Growth,Index
102886,-1.9220283444265023,-2.325086026922121,-2.5471522271682896,-2.903005818617773,1149,UTI Mid Cap Fund - Regular - Growth,Mid Cap
102887,-1.523161727915787,-1.941118267915869,-2.2571929153079093,-2.490511391315378,1149,UTI Flexi Cap Fund - Regular - Growth,Flexi Cap
118632,-1.3954045870018115,-1.7618579320162155,-1.9391663860003758,-2.2568891014927854,1149,Nippon India Large Cap Fund - Regular - Growth,Large Cap
118633,-1.344252514302424,-1.6630178254004826,-1.922567107281523,-2.1552899633305507,1149,Nippon India Large Cap Fund - Direct - Growth,Large Cap
118634,-2.54381114589631,-3.2304072697818538,-3.54759865487275,-4.24083028478005,1149,Nippon India Small Cap Fund - Regular - Growth,Small Cap
118635,-1.255369728475466,-1.6176960494809123,-1.8941503264319874,-2.1491817386482612,1149,Nippon India ETF Nifty 50 BeES,Index/ETF
118636,-0.3804146068944346,-0.49189184204782943,-0.5504107752036487,-0.6518222955091312,1149,Nippon India Gilt Securities Fund - Regular - Growth,Gilt
119092,-1.3749592076363806,-1.7327870956436053,-2.0291700544886213,-2.1422278168679103,1149,Axis Bluechip Fund - Regular - Growth,Large Cap
119093,-1.4225516634796052,-1.7486709749013059,-1.929444539349409,-2.252651293584528,1149,Axis Bluechip Fund - Direct - Growth,Large Cap
119094,-1.8480276243938305,-2.4260059478370564,-2.751375815330561,-3.2008845843672216,1149,Axis Midcap Fund - Regular - Growth,Mid Cap
119095,-2.618842440959034,-3.166729360598027,-3.420323155947458,-3.9844664615555523,1149,Axis Small Cap Fund - Regular - Growth,Small Cap
119120,-0.3938283121850803,-0.5013693153022243,-0.5460415709468476,-0.6604489434239312,1149,SBI Magnum Gilt Fund - Regular Plan - Growth,Gilt
119551,-1.284622862884257,-1.6396806934087627,-1.7875394391027237,-2.179034574105946,1149,SBI Bluechip Fund - Regular Plan - Growth,Large Cap
119552,-1.350097047993508,-1.733569966419981,-2.071312328377373,-2.290783445270858,1149,SBI Bluechip Fund - Direct Plan - Growth,Large Cap
119598,-2.45070519056771,-3.059526410880242,-3.3403084485918773,-3.883938516181186,1149,SBI Small Cap Fund - Regular Plan - Growth,Small Cap
119599,-2.6859435149613815,-3.238412245049217,-3.607820687588424,-3.9992817212645995,1149,SBI Small Cap Fund - Direct Plan - Growth,Small Cap
120503,-1.3550017162503478,-1.745055416552432,-1.9884953075966325,-2.2720899172585387,1149,ICICI Pru Bluechip Fund - Regular - Growth,Large Cap
120504,-1.372819329593977,-1.7494143685606605,-1.941582444848441,-2.2148747555091552,1149,ICICI Pru Bluechip Fund - Direct - Growth,Large Cap
120505,-1.8891786198692737,-2.434207039551982,-2.751796887773974,-3.1849756384783228,1149,ICICI Pru Midcap Fund - Regular - Growth,Mid Cap
120506,-1.438846289908091,-1.940489860249691,-2.209079369699455,-2.5915413651979624,1149,ICICI Pru Value Discovery Fund - Regular - Growth,Value
120507,-0.022157351389344635,-0.037258039979649604,-0.050794894725243386,-0.05698897524535799,1149,ICICI Pru Liquid Fund - Regular - Growth,Liquid
120841,-1.3141782186804063,-1.6362736618343368,-1.8639747308174177,-2.0091848256907885,1149,Kotak Bluechip Fund - Regular - Growth,Large Cap
120842,-1.8218530452556077,-2.272497526268088,-2.566665067414931,-2.9749760809889563,1149,Kotak Emerging Equity Fund - Regular - Growth,Mid Cap
120843,-1.4507941385630472,-1.8381077688017158,-2.0147953231926823,-2.4241378197051495,1149,Kotak Flexicap Fund - Regular - Growth,Flexi Cap
120844,-0.02847927282355607,-0.041099591933232454,-0.05059278503333023,-0.059056279777971975,1149,Kotak Liquid Fund - Regular - Growth,Liquid
125497,-1.459176907114046,-1.8309885328057915,-1.9818385877292304,-2.492424616370125,1149,HDFC Top 100 Fund - Direct Plan - Growth,Large Cap
125498,-1.8365320169601014,-2.309379305316795,-2.509832270815472,-3.043370766116986,1149,HDFC Mid-Cap Opportunities Fund - Direct - Growth,Mid Cap
148567,-1.3559776417510558,-1.7622879905822202,-2.0137850148422594,-2.399764908582097,1149,Mirae Asset Large Cap Fund - Regular - Growth,Large Cap
148568,-1.471153133351279,-1.8764769584230885,-2.1351439535812897,-2.289038519041923,1149,Mirae Asset Emerging Bluechip Fund - Regular - Growth,Large & Mid Cap
148569,-1.7118192655621134,-2.13283058103281,-2.455086643833993,-2.7427452741448115,1149,Mirae Asset Tax Saver Fund - Regular - Growth,ELSS
149322,-1.447385198379274,-1.8401747612732604,-1.9470940248995607,-2.468802849992046,1149,DSP Top 100 Equity Fund - Regular - Growth,Large Cap
149323,-1.7882076201903467,-2.2606642100420333,-2.625904825655338,-2.832505549582166,1149,DSP Midcap Fund - Regular - Growth,Mid Cap
149324,-2.348306938677715,-3.1036252021884407,-3.679002898500464,-4.083579775686336,1149,DSP Small Cap Fund - Regular - Growth,Small Cap
